Date,Club,Ball Speed,Club Speed,Smash Factor,Carry,Total,Launch Angle,Launch Direction,Spin Rate,Side Carry,Side Total,Apex,Descent Angle,Club Path,Face Angle,Shot Shape
2026-05-18T10:00:00,DR,161.4,108.9,1.48,274.1,294.1,12.4,1.1,2222,2,2,118,45.1,1.1,0.4,Straight
2026-05-18T10:01:00,DR,161.9,110.7,1.46,259.5,281.5,12.5,-2.7,1764,9.6,9.6,99,41,2.5,0.5,Draw
2026-05-18T10:02:00,DR,163.4,109.8,1.49,261,284.6,12.6,-0.7,2215,6.5,6.5,103,43.5,1.1,-0.8,Straight
2026-05-18T10:03:00,DR,160.4,111.7,1.44,266.6,284.9,13.3,1.1,2275,2.3,2.3,129,42.2,1,-0.7,Straight
2026-05-18T10:04:00,DR,159.3,109.2,1.46,274.7,294.3,12.7,0.8,2789,-0.1,-0.1,97,44.8,0.3,0.8,Straight
2026-05-18T10:05:00,DR,161.2,108.9,1.48,276,297.6,15,0.9,1942,3.5,3.5,112,42.4,1.9,2,Straight
2026-05-18T10:00:00,DR,161.1,111.9,1.44,262.4,282.7,15,-0.2,2674,6.7,6.7,119,43.8,2.5,1.3,Straight
2026-05-18T10:01:00,DR,160.6,109.3,1.47,265.4,288.6,13.2,-1.8,2629,-9.5,-9.5,116,43.6,2.5,-0.2,Draw
2026-05-18T10:02:00,DR,161.1,109.5,1.47,275.2,298.3,13.4,3.6,3066,-4.5,-4.5,114,45.3,0.3,-1.9,Draw
2026-05-18T10:03:00,DR,161.7,108.8,1.49,266.4,287.8,10.9,-2.3,3197,-5.4,-5.4,116,41.7,2.5,2.4,Straight
2026-05-18T10:04:00,DR,161.2,108.3,1.49,250.5,273.2,12.2,3.3,2795,4.8,4.8,115,43.9,-1.3,1.3,Fade
2026-05-18T10:05:00,DR,160.9,110.6,1.46,247.3,271.3,12.7,-2.2,2775,2.5,2.5,109,46.4,3.1,1.7,Straight
2026-05-18T10:00:00,DR,164.2,111.1,1.48,261.2,281.7,13.8,-2.5,3206,0.5,0.5,116,44.8,2.7,2.2,Straight
2026-05-18T10:01:00,DR,160.1,110.8,1.45,266.6,286.7,13.5,1.1,2403,-3.4,-3.4,106,47.2,-0.9,-0.7,Straight
2026-05-18T10:00:00,3W,149.9,102.9,1.46,235.6,240.1,10.8,0.5,3307,1.6,1.6,106,42.3,2.5,3.6,Straight
2026-05-18T10:01:00,3W,152.7,104,1.47,247.7,254.2,12.6,-4,3792,-3,-3,113,43.2,2.2,1.2,Straight
2026-05-18T10:02:00,3W,152.8,103.2,1.48,242.8,249.2,11.8,1.3,3668,8.5,8.5,106,43.8,4.5,1,Draw
2026-05-18T10:03:00,3W,151,104,1.45,243.9,247.2,12.4,2.6,3474,-8.6,-8.6,114,38.3,0.1,-1,Straight
2026-05-18T10:04:00,3W,152.7,104.9,1.46,241.1,245.1,11.9,0.1,2609,-7.4,-7.4,111,41.2,1.7,-0.9,Draw
2026-05-18T10:05:00,3W,149.2,104.6,1.43,238.7,242.5,12.5,0.4,3106,2,2,107,44.7,4.1,1.6,Draw
2026-05-18T10:00:00,3W,153.4,104.2,1.47,239.8,242.2,12.2,3,2519,-0.9,-0.9,114,39.3,1.7,2.3,Straight
2026-05-18T10:01:00,3W,150.5,103.2,1.46,236.6,243.3,11.3,-4.3,3847,3.2,3.2,113,42.4,1.8,1.1,Straight
2026-05-18T10:02:00,3W,150.9,102.3,1.47,251,257.6,11.7,0.5,3319,-5.1,-5.1,134,40.2,2,-1.1,Draw
2026-05-18T10:03:00,3W,149.7,104,1.44,240.2,247.4,11.6,0.9,3104,-0.4,-0.4,105,41.7,1,0.2,Straight
2026-05-18T10:04:00,3W,153.2,103.6,1.48,239.1,244.3,11.3,1.1,2793,4.1,4.1,112,44.4,1.6,0.2,Straight
2026-05-18T10:05:00,3W,151.3,101.6,1.49,245.9,254,11,-3,3388,2.7,2.7,118,41.4,1.7,-0.4,Draw
2026-05-18T10:00:00,4I,124.1,89.9,1.38,189.2,195.8,14,0.8,5226,-6.5,-6.5,112,45,1.6,1,Straight
2026-05-18T10:01:00,4I,122,89.8,1.36,190.8,194.3,13.8,0.3,5244,-4.2,-4.2,120,48.9,1.9,2.7,Straight
2026-05-18T10:02:00,4I,124.8,86.8,1.44,191.6,198.7,14.2,-0.3,4118,-14.4,-14.4,110,42,3,0.2,Draw
2026-05-18T10:03:00,4I,123.9,87.8,1.41,200.9,206.2,14.2,-2.1,4680,1.8,1.8,117,46.1,3.1,0.9,Draw
2026-05-18T10:04:00,4I,122.5,87.6,1.40,197,201.4,13.6,-1,4619,-7.4,-7.4,123,46,1.3,0.4,Straight
2026-05-18T10:05:00,4I,124.2,90.9,1.37,189,194.6,14.1,1.5,4509,-4.4,-4.4,134,45.8,2.1,-0.5,Draw
2026-05-18T10:00:00,4I,121.9,89.9,1.36,196.1,199.2,14.8,0.4,5375,0.7,0.7,104,45,0.9,1,Straight
2026-05-18T10:01:00,4I,125,89.6,1.40,183.1,190.7,14.4,1.2,4671,-1,-1,108,44.5,2.5,2.2,Straight
2026-05-18T10:02:00,4I,122.6,90.4,1.36,186.4,197.1,13,2.8,4744,-4.2,-4.2,126,44,2.5,2.3,Straight
2026-05-18T10:03:00,4I,128.4,87.8,1.46,207.5,211.3,14,-0.8,5292,-3.8,-3.8,101,45.4,1.2,-1,Draw
2026-05-18T10:04:00,4I,122.3,88.9,1.38,195.7,201,14.3,1.2,4584,5.6,5.6,124,48,-1.9,-0.8,Straight
2026-05-18T10:05:00,4I,124.9,88.3,1.41,194,194.3,14.4,3.9,5180,-2.2,-2.2,100,47.5,2.9,-0.2,Draw
2026-05-18T10:00:00,4I,121.6,90.1,1.35,188.5,194.4,13.2,0.1,4783,10.7,10.7,117,43.5,0.7,3.4,Fade
2026-05-18T10:00:00,5I,118.6,87.4,1.36,167.2,177.2,16.3,-1.7,6766,1.4,1.4,102,50.3,0.6,2.7,Fade
2026-05-18T10:01:00,5I,118.8,84.4,1.41,170,175.3,16.2,-1.3,6626,-0.9,-0.9,116,49.2,1.4,1.2,Straight
2026-05-18T10:02:00,5I,120.9,85.7,1.41,158.9,169.8,16.9,-1.6,6236,0.6,0.6,112,49.3,2.5,-0.2,Draw
2026-05-18T10:03:00,5I,120.8,86.2,1.40,169.4,176.7,18.6,0.7,6195,-3.4,-3.4,113,48.5,2.6,0,Draw
2026-05-18T10:04:00,5I,119.7,86.5,1.38,158.4,164.9,18.1,-1.1,5883,-7.2,-7.2,115,45.5,1.5,1.2,Straight
2026-05-18T10:05:00,5I,118.2,86.3,1.37,164.6,171.6,16.4,-3,5998,1.4,1.4,118,45.8,1.1,-0.9,Draw
2026-05-18T10:00:00,5I,121.5,88.1,1.38,169.5,171.2,18.2,1.3,6433,5.7,5.7,122,51.2,0,-1.6,Straight
2026-05-18T10:01:00,5I,123.2,85,1.45,159.2,164.7,16.3,-0.2,6748,-5.3,-5.3,113,45.5,3.1,-0.7,Draw
2026-05-18T10:02:00,5I,121,88,1.37,158,162,17.8,0.6,6295,14,14,116,47,2.9,-0.8,Draw
2026-05-18T10:03:00,5I,118.9,86.3,1.38,160.2,163.3,19,3.3,6985,-9.2,-9.2,123,49.5,2.6,1.7,Straight
2026-05-18T10:04:00,5I,120.6,88.4,1.36,164,167.9,15.6,3.1,5460,-9.5,-9.5,107,47.8,1.4,1,Straight
2026-05-18T10:05:00,5I,121.6,85.4,1.42,162.4,165.6,16.5,-4.1,5920,4.9,4.9,116,48.3,2.2,-0.1,Draw
2026-05-18T10:00:00,5I,119,86.5,1.38,159.8,163.1,17.3,0.7,7410,4.1,4.1,117,46.2,3.7,1.2,Draw
2026-05-18T10:01:00,5I,120.7,84,1.44,164.2,171,18.6,-1.2,7098,2.2,2.2,109,50.7,2.9,0.5,Draw
2026-05-18T10:02:00,5I,119.7,84.2,1.42,154.9,164.3,16.5,-0.5,5031,0.7,0.7,124,50.9,-0.1,1.8,Straight
2026-05-18T10:03:00,5I,121.1,86.2,1.41,171,174.9,18.5,-1.7,6564,4.3,4.3,126,46.5,0.9,3,Fade
2026-05-18T10:00:00,6I,117.5,83.2,1.41,176.6,180,17.6,1,5902,-11.7,-11.7,118,45.3,-0.5,1.3,Straight
2026-05-18T10:01:00,6I,117.7,83.6,1.41,166.8,175.7,16.8,1.1,5664,11.2,11.2,117,47.9,3.8,0.7,Draw
2026-05-18T10:02:00,6I,116.2,82.9,1.40,179.6,188,16.5,0.9,5766,2.8,2.8,113,45.1,0.6,-0.1,Straight
2026-05-18T10:03:00,6I,115.8,85.1,1.36,177.4,186.9,15.8,-0.9,5592,3,3,113,46.8,1,0.4,Straight
2026-05-18T10:04:00,6I,117.1,83.5,1.40,177,186,14.4,-4.2,5438,-0.3,-0.3,122,49,2.5,1.5,Straight
2026-05-18T10:05:00,6I,115.3,84.2,1.37,177.4,184.4,17.8,0.3,6067,-3.6,-3.6,124,44.6,0.1,-0.8,Straight
2026-05-18T10:00:00,6I,116.5,84.9,1.37,172.2,177,15.7,2.5,5740,-9.4,-9.4,109,46.1,1.4,1.2,Straight
2026-05-18T10:01:00,6I,116.1,85.5,1.36,176.6,182.4,14.9,0.8,5992,-8.2,-8.2,96,48.6,1,-0.8,Straight
2026-05-18T10:02:00,6I,120.3,85.5,1.41,175.2,180.7,16.3,5.6,4936,-1.4,-1.4,103,43.9,-0.3,-0.3,Straight
2026-05-18T10:03:00,6I,116.2,83.8,1.39,170.2,179.2,16.3,-3,6117,-5.5,-5.5,125,44.8,0.1,-0.5,Straight
2026-05-18T10:04:00,6I,117.7,83.2,1.41,173.2,176.2,14.9,1.3,5673,10.5,10.5,113,47.3,0.9,0.7,Straight
2026-05-18T10:05:00,6I,116.3,85.2,1.36,169.1,178,15.2,1.6,5670,-7.1,-7.1,99,44.3,0.9,1.5,Straight
2026-05-18T10:00:00,6I,117.9,83.2,1.42,181.8,187.9,16.5,2.4,5315,6.4,6.4,114,47,1.7,0.1,Straight
2026-05-18T10:01:00,6I,114.8,83,1.38,175.5,182.4,15.5,2.1,5750,-5,-5,111,46.1,0.4,-1,Straight
2026-05-18T10:02:00,6I,119.1,85.6,1.39,182.5,190.2,16.8,0.5,5020,2.9,2.9,111,48,2.4,2.2,Straight
2026-05-18T10:00:00,7I,114.6,80.1,1.43,160.8,165.5,17.6,-0.6,6190,-1.4,-1.4,124,47.8,0.3,0.2,Straight
2026-05-18T10:01:00,7I,114.6,81.1,1.41,154.5,160,16.9,3.2,6601,-2.4,-2.4,114,47.7,0.7,0.3,Straight
2026-05-18T10:02:00,7I,113.1,81.8,1.38,169.8,174.5,15.7,1.3,6374,8,8,124,47.7,0.2,1.4,Straight
2026-05-18T10:03:00,7I,113.4,80.6,1.41,174.3,183.6,17.9,-4.3,5501,-3.9,-3.9,105,50.2,0.5,1.9,Straight
2026-05-18T10:04:00,7I,112.8,83.4,1.35,168.4,173.2,18.8,-1.4,5679,-1.3,-1.3,126,47.1,2.1,-1.4,Draw
2026-05-18T10:05:00,7I,112.7,82.2,1.37,170.6,178.9,16.6,1.3,6149,4.8,4.8,111,47.2,2,0.2,Straight
2026-05-18T10:00:00,7I,111.9,80.5,1.39,165.9,170,18.5,2.9,5942,0.1,0.1,119,50.4,0.3,-0.1,Straight
2026-05-18T10:01:00,7I,112.1,81.6,1.37,162.8,166.5,19.3,1.9,5725,1.9,1.9,110,50,2.7,1.1,Straight
2026-05-18T10:02:00,7I,110.8,80.9,1.37,173,180.9,16.8,2.2,5902,-4.5,-4.5,111,45.9,-0.4,2.8,Fade
2026-05-18T10:03:00,7I,114.1,83.7,1.36,174.8,182.1,17.7,0.1,5814,-1.1,-1.1,114,45.4,1.5,0.8,Straight
2026-05-18T10:04:00,7I,114,80.8,1.41,162.9,166.4,17.2,-1.2,6143,7.4,7.4,117,48.3,1,1.4,Straight
2026-05-18T10:05:00,7I,114.5,81.2,1.41,172.7,177.6,17.7,1.8,5808,-1.4,-1.4,123,51.2,1.4,0.5,Straight
2026-05-18T10:00:00,7I,112.3,80.5,1.39,171.6,177,17.2,0.9,5997,-3.9,-3.9,131,47.9,-0.3,-0.2,Straight
2026-05-18T10:01:00,7I,113.1,79.9,1.42,165.5,169.2,17.5,2.1,6434,-3.3,-3.3,113,48.7,2.7,2.4,Straight
2026-05-18T10:02:00,7I,111.7,81.6,1.37,167.5,173.4,17.8,0.5,6855,0.1,0.1,115,48.3,1.2,-0.1,Straight
2026-05-18T10:00:00,8I,110.1,77.9,1.41,149.5,155.9,20.5,0.9,7146,8.1,8.1,115,48,2.4,-0.9,Draw
2026-05-18T10:01:00,8I,107.9,78.3,1.38,144.8,153.5,17.4,-0.7,6736,8.1,8.1,118,49.8,3.5,2,Straight
2026-05-18T10:02:00,8I,111.3,78.8,1.41,142.4,146.7,19.3,-1.1,7075,5.4,5.4,130,50.7,2.3,-2.3,Draw
2026-05-18T10:03:00,8I,107.4,78.5,1.37,154.4,160.2,18,-0.1,6464,6.7,6.7,127,49.7,1.3,2.5,Straight
2026-05-18T10:04:00,8I,106.3,80,1.33,144.8,148.6,18.8,-2,6168,12.1,12.1,127,49.4,-1.1,-1.5,Straight
2026-05-18T10:05:00,8I,107.4,78.3,1.37,148.4,155.3,18.4,-0.4,7081,1,1,129,48.9,1.5,0.8,Straight
2026-05-18T10:00:00,8I,106.7,76.2,1.40,152.3,157.9,19.4,-2.3,6831,2,2,115,53,0.4,2.9,Fade
2026-05-18T10:01:00,8I,106,76.3,1.39,157,162,18.8,0.3,6799,1,1,115,48.9,2.7,-1.2,Draw
2026-05-18T10:02:00,8I,106.8,78.7,1.36,156.4,162.6,18,3.3,6990,-4.5,-4.5,109,48.9,1.3,-0.7,Draw
2026-05-18T10:03:00,8I,108.1,78.6,1.38,146.8,152.5,18.2,1.3,6890,-16.4,-16.4,138,53.1,2.4,-0.2,Draw
2026-05-18T10:04:00,8I,106.4,77.4,1.37,150.6,159.2,20.9,-0.6,6897,-5,-5,109,53.7,0.9,-0.1,Straight
2026-05-18T10:05:00,8I,105.5,76.1,1.39,143.2,149.9,17.9,-3.6,7161,6.8,6.8,116,49.8,1,1.9,Straight
2026-05-18T10:00:00,9I,102.2,74,1.38,134.6,140,20.1,0.2,7303,4,4,115,53,1.6,-1.2,Draw
2026-05-18T10:01:00,9I,103.5,75.7,1.37,137,142.2,20.9,-1.2,7889,5.2,5.2,118,48.6,3.7,1.1,Draw
2026-05-18T10:02:00,9I,104.4,74.3,1.41,146.3,150.8,19.4,0.6,7450,4.4,4.4,132,51.4,1.3,2.7,Straight
2026-05-18T10:03:00,9I,99.8,73.5,1.36,150.1,151.9,21,-1.7,7413,-1.1,-1.1,124,50.6,3.1,-0.3,Draw
2026-05-18T10:04:00,9I,101,74.5,1.36,137.6,142.6,21.1,-0.8,7665,2.4,2.4,132,50.8,0.3,1.9,Straight
2026-05-18T10:05:00,9I,101.8,75.8,1.34,131.8,135.6,20.5,-3.8,7329,-3.4,-3.4,127,51.6,2,2.5,Straight
2026-05-18T10:00:00,9I,103.7,74.1,1.40,130.3,138.7,19.5,-0.7,7729,-1.1,-1.1,137,51,2.4,-1,Draw
2026-05-18T10:01:00,9I,99,73.8,1.34,140.2,146.5,21.4,-2.7,7885,-2.8,-2.8,111,47.5,3.3,-1.4,Draw
2026-05-18T10:02:00,9I,101.5,75.4,1.35,136.3,140.7,20.4,0.2,7469,4.9,4.9,124,54,1,0.4,Straight
2026-05-18T10:03:00,9I,104.7,77.2,1.36,139.1,145.8,21.6,-0.3,7426,4.8,4.8,124,48.4,2.5,0.3,Draw
2026-05-18T10:04:00,9I,100.9,74.1,1.36,139.5,143.1,21,1.1,7611,7.5,7.5,130,51.7,0.6,3.2,Fade
2026-05-18T10:00:00,PW,95.8,70.9,1.35,128.6,136.6,22.4,1.5,7889,-8.6,-8.6,128,54.7,1.2,2.5,Straight
2026-05-18T10:01:00,PW,97.4,71.6,1.36,124.4,128.4,22.9,1.5,8780,-5.7,-5.7,126,53,2.3,-0.3,Draw
2026-05-18T10:02:00,PW,95.9,72.5,1.32,126.6,134.7,22.9,1.6,7488,3.7,3.7,129,52.8,2,2.1,Straight
2026-05-18T10:03:00,PW,99,72.6,1.36,125.1,130.8,23.3,-1.8,8599,-2.9,-2.9,119,53.1,0.6,0.4,Straight
2026-05-18T10:04:00,PW,100.8,73.4,1.37,127.9,132.9,23.2,4.2,7852,1.1,1.1,136,54.4,0.7,-0.7,Straight
2026-05-18T10:05:00,PW,98,72.8,1.35,125.1,130.5,24.6,-0.4,8331,-1.3,-1.3,129,56.2,2.7,-2.3,Draw
2026-05-18T10:00:00,PW,99.5,72.3,1.38,130.7,136.1,23.2,-3.7,8426,3,3,130,55.8,2.7,1.4,Straight
2026-05-18T10:01:00,PW,97.5,71.6,1.36,121.7,129,24,3,8661,-3.5,-3.5,127,54.8,1.1,0.9,Straight
2026-05-18T10:02:00,PW,96.4,72.3,1.33,131.1,133.2,22.9,-1.7,7697,-0.2,-0.2,132,52.5,1,0.1,Straight
2026-05-18T10:03:00,PW,95.9,72.5,1.32,130.8,134,20.4,-3.2,7868,-2,-2,111,54.7,0.2,-0.4,Straight
2026-05-18T10:00:00,52,87.6,69.7,1.26,102,109.4,24.6,-1.3,8336,-4,-4,123,58.3,2.1,-1.2,Draw
2026-05-18T10:01:00,52,92.6,69.7,1.33,110.6,117.4,23.7,0.9,9029,6.9,6.9,121,55.3,1.9,-0.3,Draw
2026-05-18T10:02:00,52,90.1,67.7,1.33,103.8,112.8,26.3,0,8419,4.1,4.1,137,52.8,1.7,0.4,Straight
2026-05-18T10:03:00,52,92.2,69.9,1.32,109.1,114.9,24.2,0.5,8854,-5.1,-5.1,128,57.1,-0.4,-0.7,Straight
2026-05-18T10:04:00,52,90.7,68.3,1.33,102,108.2,24.9,-0.1,8474,-10,-10,124,52.7,0.4,0.3,Straight
2026-05-18T10:05:00,52,89.8,66.9,1.34,103.5,106.6,25.3,0.9,9088,-6.7,-6.7,125,55,0.6,1.9,Straight
2026-05-18T10:00:00,52,87.7,67.3,1.30,98.2,105.8,24.6,1,9231,-3.3,-3.3,124,53.7,3.5,-1,Draw
2026-05-18T10:01:00,52,94.5,67.1,1.41,111.5,115.4,24.2,0.9,8257,-0.6,-0.6,129,51.6,1.9,1.5,Straight
2026-05-18T10:02:00,52,90.6,68.7,1.32,106.4,111,25.7,3.3,9035,1.6,1.6,130,57.2,2.9,1.6,Straight
2026-05-18T10:00:00,56,82.3,65.3,1.26,92.8,100,28,-0.4,9825,-2.7,-2.7,122,61.8,2.9,2,Straight
2026-05-18T10:01:00,56,79.4,63.7,1.25,84.6,90.7,25.8,0.6,9417,0.3,0.3,126,58.6,2.1,-1.1,Draw
2026-05-18T10:02:00,56,81.6,65.2,1.25,87.3,96,24.5,-3.4,9938,5,5,119,56.8,1.6,-0.1,Straight
2026-05-18T10:03:00,56,83.3,65.6,1.27,96.1,101.3,27.4,1.9,9218,9.3,9.3,133,57.1,1.9,-0.5,Draw
2026-05-18T10:04:00,56,81.7,63.1,1.29,88.7,94.7,27.3,-0.4,9565,-2.4,-2.4,125,56.9,4.4,-0.4,Draw
2026-05-18T10:05:00,56,82.6,62.7,1.32,98.2,105.5,27.9,0.1,9464,-8.1,-8.1,136,59.1,1.8,0.7,Straight
2026-05-18T10:00:00,56,83.1,62.8,1.32,86.2,92,28.1,4.1,9569,4.9,4.9,133,54.3,0.4,0.5,Straight
2026-05-18T10:01:00,56,79.7,63.9,1.25,85.3,92.5,27.3,3.1,9342,-0.8,-0.8,123,59.4,2.6,1,Straight
2026-05-18T10:00:00,60,72.2,57.5,1.26,74.4,80,30.1,1,10050,-6,-6,138,60.3,-0.8,-0.3,Straight
2026-05-18T10:01:00,60,70.7,59,1.20,69.3,70.8,31.3,-1.1,10574,-0.6,-0.6,131,62.5,3.1,-2,Draw
2026-05-18T10:02:00,60,72,56.1,1.28,76.2,83.5,32.9,-0.5,9691,5.3,5.3,131,59.9,0.7,0,Straight
2026-05-18T10:03:00,60,73.2,57.6,1.27,76.9,82.9,30.7,0.7,10003,4.8,4.8,134,61.9,-1.7,-0.2,Straight
2026-05-18T10:04:00,60,70.1,58,1.21,76,83.2,29.4,1.8,10722,-3.6,-3.6,135,58.4,1.8,0.5,Straight
2026-05-18T10:05:00,60,74,59.9,1.24,68.2,76.1,29.2,-1.2,10084,6.2,6.2,134,60.9,2.8,1,Straight
2026-05-18T10:00:00,60,71.6,57,1.26,77.5,82.1,29.7,-2.3,10515,-11.8,-11.8,123,59.5,1,-0.4,Straight
2026-06-08T11:00:00,DR,162.5,109.7,1.48,278,302,13.9,0.3,2241,-5,-5,106,42.3,0.1,2,Straight
2026-06-08T11:01:00,DR,161.9,111.4,1.45,252.3,269.2,13.7,0.1,2278,3.3,3.3,116,46.9,1.6,-1,Draw
2026-06-08T11:02:00,DR,160.6,111.8,1.44,263.8,286.3,14.8,-2.6,1952,-10.5,-10.5,101,40.3,2.4,-0.5,Draw
2026-06-08T11:03:00,DR,162.4,110.7,1.47,261.2,285.9,12.6,0.6,2637,-1.5,-1.5,112,43.7,3.4,-1.2,Draw
2026-06-08T11:04:00,DR,161.8,110,1.47,261.4,284.3,13.5,1.8,3118,0.1,0.1,114,47.5,0.4,-0.4,Straight
2026-06-08T11:05:00,DR,161.1,108.9,1.48,270.9,295.1,13.9,2.1,2586,0.4,0.4,116,43.3,1.3,-0.7,Draw
2026-06-08T11:00:00,DR,163.2,111,1.47,259.1,282.8,14.1,1.6,2661,5.7,5.7,117,45.2,2,2.8,Straight
2026-06-08T11:01:00,DR,164.9,108.9,1.51,275.5,295.9,14.1,-4.3,2034,0.6,0.6,116,44.4,0.7,2,Straight
2026-06-08T11:02:00,DR,162.6,112.8,1.44,275.9,294.5,14.5,0.9,2724,-1.6,-1.6,104,42.2,1.1,0.3,Straight
2026-06-08T11:03:00,DR,160.1,111.8,1.43,276.3,295.2,11.8,-1.2,2670,0.6,0.6,119,43.4,3,2.1,Straight
2026-06-08T11:04:00,DR,162.9,111.1,1.47,274.4,297.1,13.5,0.6,2436,5.6,5.6,117,44.5,2.1,-0.3,Draw
2026-06-08T11:05:00,DR,161.3,107.8,1.50,267.9,288.5,13.5,2.8,2913,-4.3,-4.3,104,46.7,2.2,0.1,Draw
2026-06-08T11:00:00,3W,151.4,105.2,1.44,231.2,236.4,12.6,-0.4,2950,-1.9,-1.9,125,40.1,2.1,0.6,Straight
2026-06-08T11:01:00,3W,151.8,104.4,1.45,231.4,237.1,12.4,1.3,3838,-8,-8,107,45.2,1.4,2.1,Straight
2026-06-08T11:02:00,3W,151,102.2,1.48,238.7,242.8,10.8,-3.8,2864,4.2,4.2,96,42.7,1,2.1,Straight
2026-06-08T11:03:00,3W,151.4,104.1,1.45,229.4,232.6,10,-0.6,3094,-7.8,-7.8,109,41.5,1.2,1.1,Straight
2026-06-08T11:04:00,3W,150.6,102.8,1.47,234.7,237.2,11.5,-2.1,3463,3.5,3.5,108,41.6,0.3,0.4,Straight
2026-06-08T11:05:00,3W,154.2,102.7,1.50,238.8,246.4,11.4,-1.4,2965,-4.3,-4.3,110,43.4,0.8,-0.2,Straight
2026-06-08T11:00:00,3W,154.2,103,1.50,233.5,241.6,12.9,0.8,3364,-5.7,-5.7,103,39.9,4.1,0,Draw
2026-06-08T11:01:00,3W,152.3,103,1.48,233.7,239.8,10.4,0,3229,0.6,0.6,108,39.4,0.8,2.1,Straight
2026-06-08T11:02:00,3W,150,105.1,1.43,238.8,242.3,12.8,-3.1,3011,-5.4,-5.4,125,42.5,0.6,1.4,Straight
2026-06-08T11:03:00,3W,151.3,102.9,1.47,234.4,237.7,12.3,-0.2,3431,6.4,6.4,115,42.5,1.5,0.5,Straight
2026-06-08T11:00:00,4I,126.2,90.2,1.40,193.6,201.1,13.9,-0.5,4702,3.9,3.9,117,43.6,0.3,-0.6,Straight
2026-06-08T11:01:00,4I,124.2,85.7,1.45,187.7,194.2,15.8,-0.7,5108,-7.8,-7.8,111,44.1,-0.3,0.3,Straight
2026-06-08T11:02:00,4I,121.9,89.5,1.36,193,200.1,11.8,-1.8,5273,6.9,6.9,121,41.8,1.7,1.3,Straight
2026-06-08T11:03:00,4I,123.1,89,1.38,181.4,185.7,15.8,0,4647,0.6,0.6,118,40.8,2.3,1.6,Straight
2026-06-08T11:04:00,4I,123.9,87.1,1.42,196.3,197.1,13.9,1.4,4389,-12.3,-12.3,118,43.1,0.7,-1.1,Straight
2026-06-08T11:05:00,4I,123.8,89.4,1.39,197.7,201.1,15.1,-1.8,4706,-3.6,-3.6,114,47.8,1.7,0.9,Straight
2026-06-08T11:00:00,4I,124.2,88.2,1.41,182.7,187.4,16.9,-0.1,4866,1.6,1.6,109,44.5,2,1.8,Straight
2026-06-08T11:01:00,4I,126.4,89.1,1.42,198.3,204,14.2,1.6,4782,1.9,1.9,114,43.5,1.1,0.2,Straight
2026-06-08T11:02:00,4I,125.5,88.5,1.42,197.5,201.6,14.5,0,5085,3.4,3.4,109,44.4,1.8,1.4,Straight
2026-06-08T11:03:00,4I,121.6,88.4,1.38,186.6,193.7,12.9,1.3,4536,-5.8,-5.8,103,44.2,0.5,1.8,Straight
2026-06-08T11:04:00,4I,122,88.2,1.38,195.1,199.4,13.9,0,4553,-1.3,-1.3,112,45.6,0.8,-0.1,Straight
2026-06-08T11:00:00,5I,120.3,85.4,1.41,164.5,171,17.7,0.2,6519,1.8,1.8,114,45.8,3.7,0.9,Draw
2026-06-08T11:01:00,5I,119.2,86,1.39,172,177.1,17.9,-1.4,6711,-12.3,-12.3,126,45.3,1.8,1.1,Straight
2026-06-08T11:02:00,5I,119.6,83.7,1.43,163.7,170.6,19.9,0,6670,-1.1,-1.1,135,51.4,2.4,1,Straight
2026-06-08T11:03:00,5I,121.2,86.2,1.41,162.5,166.8,17.4,2.7,6185,2.2,2.2,124,45.9,-0.4,1.1,Straight
2026-06-08T11:04:00,5I,120.6,86,1.40,157.1,166.6,18.3,-0.3,6162,-2.1,-2.1,110,47.5,2.4,-0.5,Draw
2026-06-08T11:05:00,5I,120.2,85.4,1.41,178,182.5,16.6,0.7,6353,5.2,5.2,147,48.2,0.9,2.4,Straight
2026-06-08T11:00:00,5I,120.5,86.5,1.39,158.7,166.2,17.3,0.8,7006,-4.7,-4.7,119,49.8,0.2,1.1,Straight
2026-06-08T11:01:00,5I,120,85.8,1.40,159.9,164.9,17.6,1.8,5830,-7.1,-7.1,108,49.3,0.9,1,Straight
2026-06-08T11:02:00,5I,117.7,84.5,1.39,168.9,177.3,16.1,-0.6,6580,-1.3,-1.3,114,48,2.2,0.7,Straight
2026-06-08T11:03:00,5I,121.8,87.7,1.39,179,182.5,18.3,-2.6,6708,-0.9,-0.9,123,45.9,1.7,-0.3,Draw
2026-06-08T11:04:00,5I,118.7,84.9,1.40,169.5,175.2,18.2,-2.9,6516,3.6,3.6,126,45.5,3.3,1.1,Draw
2026-06-08T11:05:00,5I,120.1,86.5,1.39,169.6,175.9,17.1,1.4,5811,3.2,3.2,104,49.7,-0.2,1.9,Fade
2026-06-08T11:00:00,5I,121.4,85.8,1.41,173,179.3,18.7,-0.3,6239,-2.9,-2.9,115,49.9,2.9,1,Straight
2026-06-08T11:01:00,5I,116.9,85.9,1.36,172.9,180.1,18,-1.4,6592,-1,-1,109,47.8,1,0.2,Straight
2026-06-08T11:00:00,6I,117,82.8,1.41,179.4,183.4,15.1,1.1,5715,-10.2,-10.2,124,42.4,0.7,0.5,Straight
2026-06-08T11:01:00,6I,116.9,83.6,1.40,188.8,194.7,16,2.4,5468,0.1,0.1,124,47.5,1.4,-0.2,Straight
2026-06-08T11:02:00,6I,116.7,85.2,1.37,177.6,183.4,14.9,0.9,4755,-12.9,-12.9,98,48.4,0.8,0.8,Straight
2026-06-08T11:03:00,6I,114.5,85.1,1.35,177,184.3,15.8,0.9,5192,0.1,0.1,113,49.5,2.5,0.8,Straight
2026-06-08T11:04:00,6I,118.3,83.7,1.41,187.9,199.2,16.7,-2.9,5620,8.2,8.2,114,46.5,0.7,1.6,Straight
2026-06-08T11:05:00,6I,117.8,84.8,1.39,166.8,175.7,16.5,-0.6,6143,-7.8,-7.8,111,47.4,2.5,1.1,Straight
2026-06-08T11:00:00,6I,116,82.4,1.41,191.7,197.2,16.4,0.2,5419,4.6,4.6,117,45.8,1.4,0.8,Straight
2026-06-08T11:01:00,6I,116.1,84.3,1.38,178.8,186.3,15.7,-1.6,5618,-4.5,-4.5,119,45.7,1,-0.2,Straight
2026-06-08T11:02:00,6I,117,83.6,1.40,195.7,203.2,16.2,2,5223,8.7,8.7,110,47.3,3.9,-0.8,Draw
2026-06-08T11:03:00,6I,114.3,85.4,1.34,180.6,184.4,15,-0.9,5279,7.2,7.2,115,46.3,-0.2,0.4,Straight
2026-06-08T11:04:00,6I,119.6,84.8,1.41,176.2,182.4,16.8,1.4,5609,2.6,2.6,96,48.6,2.7,0.5,Draw
2026-06-08T11:05:00,6I,116.2,82,1.42,165.5,170.7,14.4,-3.4,5510,-2.7,-2.7,111,48.9,0.9,1.2,Straight
2026-06-08T11:00:00,6I,118,82.3,1.43,177.9,185.8,17.3,2.7,5345,3,3,99,43.6,1.2,-1.7,Draw
2026-06-08T11:00:00,7I,113.2,82.1,1.38,160,165.1,16.9,0.8,6518,3.3,3.3,126,47.8,0.6,-0.9,Straight
2026-06-08T11:01:00,7I,111.6,80.2,1.39,179,183.7,18.2,1.8,6447,11.2,11.2,123,47.6,1.7,1,Straight
2026-06-08T11:02:00,7I,114.8,80.8,1.42,173.6,185.4,18.9,-1.2,5759,-4.6,-4.6,109,47.7,2.2,1.1,Straight
2026-06-08T11:03:00,7I,110.3,80.1,1.38,164.1,169.1,15.2,2,6156,3.7,3.7,111,45.6,0.8,1.8,Straight
2026-06-08T11:04:00,7I,112.2,82.2,1.36,170.8,176.1,17,-0.2,5823,0.2,0.2,119,40.7,3.9,-0.9,Draw
2026-06-08T11:05:00,7I,113.3,80.9,1.40,169.9,177,17.6,-0.1,6525,3.8,3.8,109,45.7,1.8,0.5,Straight
2026-06-08T11:00:00,7I,114.3,79.4,1.44,174.4,186.3,16.7,-2.5,5943,-7.9,-7.9,105,47.1,1.9,0.6,Straight
2026-06-08T11:01:00,7I,115.9,83.3,1.39,163.3,169.8,17.2,1.3,5620,-12.1,-12.1,119,49.8,1.6,0.4,Straight
2026-06-08T11:02:00,7I,114.3,80.4,1.42,173.3,177.8,17.8,-0.2,5490,2.9,2.9,113,48.5,2.4,-2,Draw
2026-06-08T11:03:00,7I,111.1,80.3,1.38,165.5,172.7,15.8,-1.1,5922,4.5,4.5,119,49.8,1,-1.5,Draw
2026-06-08T11:04:00,7I,113.1,81.5,1.39,162.9,170.3,18.5,2.4,6397,6.6,6.6,117,46.7,0,2,Fade
2026-06-08T11:05:00,7I,113.4,82.1,1.38,172.4,177.7,17.7,-0.1,5855,1.9,1.9,116,49.1,0.1,-0.9,Straight
2026-06-08T11:00:00,7I,112.5,79.3,1.42,169,174.7,16.4,-0.6,6184,2.2,2.2,120,46.6,1.4,2.5,Straight
2026-06-08T11:00:00,8I,108.4,79,1.37,152,158.7,17.5,-4.2,6092,2.1,2.1,121,48.4,1.1,-0.3,Straight
2026-06-08T11:01:00,8I,107.6,78.3,1.37,150,156.6,17.6,0.5,5867,3.5,3.5,105,50.2,1,0.2,Straight
2026-06-08T11:02:00,8I,108,78.2,1.38,162.2,169.1,20.2,-1.2,7091,3.3,3.3,115,46.5,0,0.9,Straight
2026-06-08T11:03:00,8I,110.3,76.7,1.44,146,154,18.4,-1.7,7099,11.6,11.6,97,48,1.9,0.6,Straight
2026-06-08T11:04:00,8I,107.9,75.4,1.43,147.8,151.1,20.7,1.3,7024,3.7,3.7,113,47.9,1.8,0,Straight
2026-06-08T11:05:00,8I,108.7,77.9,1.40,147.2,150,19.8,-2.5,6724,-9.3,-9.3,128,50.1,0.2,1.4,Straight
2026-06-08T11:00:00,8I,107.6,77.7,1.39,155.1,158.2,18.6,-1.4,6793,1.5,1.5,122,47.4,0.4,1.1,Straight
2026-06-08T11:01:00,8I,105.6,79,1.34,147.6,156,19.1,-1.2,6856,2.1,2.1,114,49.2,1.4,1.7,Straight
2026-06-08T11:02:00,8I,108.3,79.3,1.37,144.7,153.2,19.6,-2.6,6931,-2.3,-2.3,110,49.5,3.1,-0.2,Draw
2026-06-08T11:03:00,8I,107.9,78.4,1.38,160.2,164.5,19.4,1.3,6464,-8.9,-8.9,111,51.6,3.1,-1,Draw
2026-06-08T11:00:00,9I,102,74.8,1.36,141.9,146,23.5,-2.9,7452,8.6,8.6,118,50.7,0.2,0.7,Straight
2026-06-08T11:01:00,9I,103.7,74.7,1.39,141.7,148.1,20.4,2.5,7640,-12.3,-12.3,147,49.7,1.7,-1.3,Draw
2026-06-08T11:02:00,9I,105.9,77.1,1.37,133.9,138.6,20.8,-0.1,7542,9.6,9.6,118,52,2,1.2,Straight
2026-06-08T11:03:00,9I,105.7,74.9,1.41,133.3,141.1,20.5,0.4,7465,4.8,4.8,116,51.4,2.9,0.4,Draw
2026-06-08T11:04:00,9I,104.3,74.5,1.40,139.8,146,21.7,0.5,7175,-1.9,-1.9,113,51.7,2.1,0.7,Straight
2026-06-08T11:05:00,9I,102.1,73.5,1.39,138.7,146.3,21.8,-1.1,7155,-5.4,-5.4,126,47.6,2.5,-0.9,Draw
2026-06-08T11:00:00,9I,105.2,77.3,1.36,133.6,137.3,21.6,2.4,7568,-2.5,-2.5,111,50.2,0.2,1.3,Straight
2026-06-08T11:01:00,9I,105,76.7,1.37,132.8,138.3,20,-3,7329,0,0,126,52.7,-0.7,1.2,Straight
2026-06-08T11:02:00,9I,103,72.9,1.41,134.2,143.8,21.4,-1.1,7705,-3.2,-3.2,117,51.2,2.2,-0.6,Draw
2026-06-08T11:00:00,PW,98.7,71.6,1.38,122,130.6,24.5,2,8006,-2.6,-2.6,120,54.5,0.8,2,Straight
2026-06-08T11:01:00,PW,98.6,74.6,1.32,125.7,132.2,23.4,0,8623,0.9,0.9,108,55.1,1.5,-1.1,Draw
2026-06-08T11:02:00,PW,98.6,73.3,1.35,130,135.9,22.5,-1.8,8347,1.2,1.2,124,54.5,0.7,1.6,Straight
2026-06-08T11:03:00,PW,98.3,73.4,1.34,133.1,135.2,23.5,-0.5,8145,-7.7,-7.7,126,52.7,2.1,1.5,Straight
2026-06-08T11:04:00,PW,96.7,72.4,1.34,121.2,123.2,23.4,1.1,8749,-2.3,-2.3,128,52.8,1.7,0.9,Straight
2026-06-08T11:05:00,PW,98.3,72,1.37,133.4,137.5,23,1.1,9006,1.7,1.7,128,54.8,-0.6,0.5,Straight
2026-06-08T11:00:00,PW,101.1,71.1,1.42,122,126.9,23.2,-0.4,8569,1.7,1.7,121,55.6,3.4,2.8,Straight
2026-06-08T11:01:00,PW,94.5,69.3,1.36,123.7,132.2,22.7,0.7,8308,-6.2,-6.2,130,51.8,-1.1,0.6,Straight
2026-06-08T11:02:00,PW,98.6,73.4,1.34,133.3,139.7,24.3,1.5,8475,-7.1,-7.1,116,51.7,0.6,0.9,Straight
2026-06-08T11:00:00,52,92.3,68.4,1.35,111.2,116.8,25.7,-1,8383,-3.9,-3.9,135,56.1,1.4,-0.7,Draw
2026-06-08T11:01:00,52,89.4,69.2,1.29,109,115.7,24.8,3.6,9459,1.7,1.7,129,53.8,1.6,-0.4,Draw
2026-06-08T11:02:00,52,90.6,70.3,1.29,106.6,112.1,25.3,-0.3,9274,10.9,10.9,129,56.4,2.2,0.8,Straight
2026-06-08T11:03:00,52,87.7,69.4,1.26,112.7,119.9,26,3,8801,3.4,3.4,133,55.5,0.2,0.5,Straight
2026-06-08T11:04:00,52,89.8,66.1,1.36,118.7,125.6,25.8,-0.1,8312,-13.8,-13.8,134,50.2,3.2,0.4,Draw
2026-06-08T11:05:00,52,89.5,68.7,1.30,108,114,25.4,3.1,8782,3.1,3.1,135,56.3,2.8,0,Draw
2026-06-08T11:00:00,52,90.5,67,1.35,109.7,115.6,25.3,-0.7,9003,3.3,3.3,138,52,3.4,-1.7,Draw
2026-06-08T11:01:00,52,87.2,66.5,1.31,105.5,111,25.3,0.7,9136,0.4,0.4,121,56.1,1.8,0.9,Straight
2026-06-08T11:00:00,56,82.3,65.7,1.25,93.3,98.2,28.7,1.1,9453,-7.1,-7.1,119,55,1.6,-0.2,Straight
2026-06-08T11:01:00,56,80.8,63.9,1.26,94.5,103.1,24.9,-1.2,9542,4.6,4.6,125,55.6,2.1,0.4,Straight
2026-06-08T11:02:00,56,82.1,63.6,1.29,94.1,101.8,27.2,-0.2,10386,8.4,8.4,138,54.2,1.3,0.8,Straight
2026-06-08T11:03:00,56,84.7,62.8,1.35,92.9,97.9,26.4,1.9,9420,-1.6,-1.6,134,60.2,1,0.9,Straight
2026-06-08T11:04:00,56,82.5,64.9,1.27,91.1,99,27.4,0.3,9474,6,6,114,59.8,-1.2,0.2,Straight
2026-06-08T11:05:00,56,79.8,64.5,1.24,86.9,94.9,26.7,-0.7,9770,0.7,0.7,136,54.5,1,0.5,Straight
2026-06-08T11:00:00,56,83.4,63.6,1.31,96.2,102.7,28,2.6,10146,-4,-4,144,55.8,0.4,-0.9,Straight
2026-06-08T11:00:00,60,72.2,57.9,1.25,71.3,73.2,30.1,2.2,10465,8.2,8.2,146,58.3,1.3,0.8,Straight
2026-06-08T11:01:00,60,73.8,57.8,1.28,77,79.7,29.4,0.7,10568,0.3,0.3,143,58,2,1.8,Straight
2026-06-08T11:02:00,60,71.1,58.4,1.22,73.9,82.7,30.3,-3.5,10402,-0.8,-0.8,129,59.5,3.1,0.5,Draw
2026-06-08T11:03:00,60,74.7,57.8,1.29,70.6,76.4,31.4,-0.5,11004,4.4,4.4,130,62.3,2.1,1.9,Straight
2026-06-08T11:04:00,60,73.7,58,1.27,69.6,80,31.6,0.7,10595,-2.1,-2.1,140,56.4,2.6,1.7,Straight
2026-06-08T11:05:00,60,73,55,1.33,66.3,72.6,30.6,-2.7,10167,16.2,16.2,129,61.6,0.3,-1.9,Draw
2026-06-08T11:00:00,60,71.6,58,1.23,75.1,82.8,29.1,-1.6,9551,5.6,5.6,132,59,2.1,1.7,Straight
